City_ID,City,Country,Lat,Lng,Max Temp,Humidity,Cloudiness,Wind Speed,Weather Desc
0,Lorengau,PG,-2.0226,147.2712,81.86,76,100,8.5,overcast clouds
1,Hamilton,US,39.1834,-84.5333,48.72,51,0,4.0,clear sky
2,Torbay,CA,47.6666,-52.7314,19.76,72,20,5.75,few clouds
3,Kavieng,PG,-2.5744,150.7967,82.72,75,95,9.55,overcast clouds
4,Nusaybin,TR,37.0778,41.2178,51.39,93,75,13.8,mist
5,Punta Arenas,CL,-53.15,-70.9167,55.51,38,40,33.38,scattered clouds
6,Natal,BR,-5.795,-35.2094,83.05,78,20,8.05,few clouds
7,Barrow,US,71.2906,-156.7887,-11.18,77,75,4.61,haze
8,Faanui,PF,-16.4833,-151.75,78.64,85,100,10.38,moderate rain
9,Javanrud,IR,34.7961,46.5172,35.24,83,23,3.2,few clouds
10,Bluff,NZ,-46.6,168.3333,54.81,67,93,9.84,overcast clouds
11,Sioux Lookout,CA,50.1001,-91.917,10.78,72,75,4.61,broken clouds
12,Port Alfred,ZA,-33.5906,26.891,71.02,81,98,16.49,overcast clouds
13,Husavik,IS,66.0449,-17.3389,35.51,68,100,35.54,overcast clouds
14,Wanlaweyn,SO,2.6185,44.8938,75.42,75,100,12.86,overcast clouds
15,Saint-Philippe,RE,-21.3585,55.7679,76.55,88,100,13.71,light rain
16,Kapaa,US,22.0752,-159.319,78.12,72,100,1.01,overcast clouds
17,Sao Joao Da Barra,BR,-21.6403,-41.0511,82.49,90,9,10.8,clear sky
18,Fukue,JP,32.6881,128.8419,46.51,60,97,15.32,overcast clouds
19,Pevek,RU,69.7008,170.3133,-20.94,94,66,2.95,broken clouds
20,Atuona,PF,-9.8,-139.0333,77.58,76,25,11.63,scattered clouds
21,Hwange,ZW,-18.3693,26.5019,67.96,97,100,2.44,light rain
22,Ribeira Grande,PT,38.5167,-28.7,61.2,77,20,14.97,few clouds
23,Mekhe,SN,15.1097,-16.6218,75.76,51,87,10.31,overcast clouds
24,Isetskoye,RU,56.4858,65.3226,-4.02,89,5,6.26,clear sky
25,Mareeba,AU,-17.0,145.4333,73.44,92,92,1.32,overcast clouds
26,Coos Bay,US,43.3665,-124.2179,59.14,86,0,6.91,clear sky
27,Albany,US,42.6001,-73.9662,34.81,64,98,3.0,overcast clouds
28,Chokurdakh,RU,70.6333,147.9167,-33.95,100,96,3.65,overcast clouds
29,Tilichiki,RU,60.4667,166.1,-7.62,96,92,8.34,overcast clouds
30,Vanavara,RU,60.34,102.2797,-26.27,100,93,1.79,overcast clouds
31,Provideniya,RU,64.3833,-173.3,6.91,61,0,20.13,clear sky
32,Mayumba,GA,-3.432,10.6554,77.23,87,100,5.28,overcast clouds
33,Lima,PE,-12.0432,-77.0282,76.14,69,40,8.05,scattered clouds
34,Kodiak,US,57.79,-152.4072,29.71,80,0,5.75,clear sky
35,Westport,US,41.1415,-73.3579,40.82,57,0,4.0,clear sky
36,Serpa,PT,37.9458,-7.5975,48.16,70,0,5.26,clear sky
37,Cape Town,ZA,-33.9258,18.4232,70.11,66,0,3.0,clear sky
38,Batagay,RU,67.6333,134.6333,-17.82,98,100,0.4,overcast clouds
39,Vaini,TO,-21.2,-175.2,82.56,89,75,10.36,broken clouds
40,Busselton,AU,-33.65,115.3333,63.14,89,15,10.83,few clouds
41,Port Shepstone,ZA,-30.7414,30.455,72.21,86,87,4.65,overcast clouds
42,Avarua,CK,-21.2078,-159.775,82.45,74,20,12.66,few clouds
43,East London,ZA,-33.0153,27.9116,71.51,77,100,11.72,overcast clouds
44,Rikitea,PF,-23.1203,-134.9692,77.04,73,0,20.49,clear sky
45,Pisco,PE,-13.7,-76.2167,75.25,73,75,11.5,dust
46,Fairbanks,US,64.8378,-147.7164,11.25,83,75,0.0,broken clouds
47,Carnarvon,AU,-24.8667,113.6333,73.47,73,0,16.11,clear sky
48,Gat,IL,31.61,34.7642,57.4,33,77,7.47,broken clouds
49,Alofi,NU,-19.0595,-169.9187,84.09,74,75,9.22,broken clouds
50,Port Hedland,AU,-20.3167,118.5667,86.05,48,39,6.91,scattered clouds
51,Boyuibe,BO,-20.4167,-63.2833,93.11,23,43,10.76,scattered clouds
52,Bredasdorp,ZA,-34.5322,20.0403,67.32,83,100,12.66,overcast clouds
53,Leh,IN,34.1667,77.5833,-5.55,66,100,3.15,overcast clouds
54,Talnakh,RU,69.4865,88.3972,-7.8,98,100,10.78,overcast clouds
55,Arraial Do Cabo,BR,-22.9661,-42.0278,80.46,78,40,3.44,scattered clouds
56,Mataura,NZ,-46.1927,168.8643,54.48,63,91,5.77,overcast clouds
57,Khadyzhensk,RU,44.4256,39.5319,31.42,98,100,4.9,snow
58,Tuktoyaktuk,CA,69.4541,-133.0374,-16.6,76,20,16.11,few clouds
59,Cidreira,BR,-30.1811,-50.2056,76.62,72,0,11.07,clear sky
60,Ushuaia,AR,-54.8,-68.3,55.02,40,40,32.21,scattered clouds
61,Constitucion,CL,-35.3333,-72.4167,66.6,70,13,10.78,few clouds
62,Butaritari,KI,3.0707,172.7902,82.51,79,40,17.29,scattered clouds
63,Macklin,CA,52.3334,-109.9348,30.54,84,100,7.25,overcast clouds
64,Coihaique,CL,-45.5752,-72.0662,72.21,30,20,13.8,few clouds
65,Bowen,AU,-20.0167,148.2333,77.22,77,4,8.7,clear sky
66,Inhambane,MZ,-23.865,35.3833,78.19,87,5,8.72,clear sky
67,New Norfolk,AU,-42.7826,147.0587,62.65,67,85,1.01,overcast clouds
68,Haines Junction,CA,60.7522,-137.5108,21.15,93,98,4.61,overcast clouds
69,Vao,NC,-22.6667,167.4833,76.68,84,39,19.3,scattered clouds
70,Hilo,US,19.7297,-155.09,80.26,81,75,4.61,broken clouds
71,Port Elizabeth,ZA,-33.918,25.5701,69.1,83,100,11.5,overcast clouds
72,Bocas Del Toro,PA,9.3333,-82.25,88.07,71,0,4.63,clear sky
73,Galich,RU,58.3797,42.3475,-7.96,100,92,1.3,overcast clouds
74,Karksi-Nuia,EE,58.1033,25.5628,28.27,96,100,11.05,overcast clouds
75,Abu Kamal,SY,34.4506,40.9171,60.15,49,100,9.75,overcast clouds
76,Kushima,JP,31.4583,131.2333,38.71,79,41,11.01,scattered clouds
77,Dalhousie,IN,32.5333,75.9833,35.35,46,100,4.29,overcast clouds
78,Taseyevo,RU,57.2169,94.8978,-14.24,100,100,0.63,overcast clouds
79,Ketchikan,US,55.3422,-131.6461,43.27,81,75,3.44,broken clouds
80,Srednekolymsk,RU,67.45,153.6833,-38.09,100,75,2.98,broken clouds
81,Lundazi,ZM,-12.2929,33.1782,68.36,88,100,1.7,light rain
82,Klaksvik,FO,62.2266,-6.589,49.12,86,100,41.65,overcast clouds
83,Dezful,IR,32.3811,48.4058,61.34,56,72,3.06,broken clouds
84,Khatanga,RU,71.9667,102.5,-11.24,98,100,6.38,overcast clouds
85,Saint George,US,37.1041,-113.5841,59.63,29,0,1.99,clear sky
86,Guerrero Negro,MX,27.9769,-114.0611,75.85,24,96,6.11,overcast clouds
87,Santa Catarina De Tepehuanes,MX,25.35,-105.7333,68.9,35,100,4.81,overcast clouds
88,Saskylakh,RU,71.9167,114.0833,-37.86,100,60,5.64,broken clouds
89,Nome,US,64.5011,-165.4064,-2.13,65,0,6.91,clear sky
90,Qaanaaq,GL,77.484,-69.3632,-1.73,91,100,5.01,overcast clouds
91,Mocuba,MZ,-16.8392,36.9856,74.64,97,100,1.72,overcast clouds
92,Iqaluit,CA,63.7506,-68.5145,-13.27,69,40,3.0,scattered clouds
93,Mahebourg,MU,-20.4081,57.7,79.25,89,40,11.5,scattered clouds
94,Slupsk,PL,54.4641,17.0287,35.42,93,61,14.61,broken clouds
95,Saldanha,ZA,-33.0117,17.9442,69.85,87,73,10.83,broken clouds
96,Henties Bay,NA,-22.116,14.2845,63.86,93,99,7.31,overcast clouds
97,Hermanus,ZA,-34.4187,19.2345,73.9,76,100,13.76,overcast clouds
98,Preston,GB,53.7667,-2.7167,48.15,97,47,5.39,scattered clouds
99,Tahoua,NE,14.8888,5.2692,73.38,13,0,4.61,clear sky
100,Victoria,HK,22.2855,114.1577,62.26,73,100,1.01,overcast clouds
101,Prachin Buri,TH,14.0833,101.6667,70.45,66,28,3.89,scattered clouds
102,Duldurga,RU,50.6761,113.5931,-8.59,95,82,3.24,broken clouds
103,Pangnirtung,CA,66.1451,-65.7125,-22.0,69,20,2.3,few clouds
104,Ponta Do Sol,PT,32.6667,-17.1,63.72,74,39,5.79,scattered clouds
105,Monteagudo,BO,-19.8167,-63.9833,89.38,30,48,8.9,scattered clouds
106,Churapcha,RU,62.0025,132.4325,-23.04,99,100,2.08,overcast clouds
107,Tiksi,RU,71.6872,128.8694,-20.31,98,93,6.71,overcast clouds
108,Boddam,GB,57.4667,-1.7833,50.11,81,100,6.35,overcast clouds
109,Tokonou,GN,9.65,-9.7833,76.51,17,31,3.8,scattered clouds
110,Zhangjiakou,CN,40.81,114.8794,12.31,62,9,6.26,light snow
111,Whyalla,AU,-33.0333,137.5833,62.49,77,100,11.5,overcast clouds
112,La Ronge,CA,55.1001,-105.2842,10.65,85,100,4.61,overcast clouds
113,Hobart,AU,-42.8794,147.3294,63.01,75,75,1.99,broken clouds
114,Padang,ID,-0.9492,100.3543,76.19,86,55,4.07,broken clouds
115,Savona,IT,44.3,8.2667,42.67,57,0,7.85,clear sky
116,Beringovskiy,RU,63.05,179.3167,-13.13,94,21,10.38,few clouds
117,Komsomolskiy,UZ,40.4272,71.7189,33.22,74,100,4.61,mist
118,Hithadhoo,MV,-0.6,73.0833,82.17,73,89,5.75,overcast clouds
119,Mar Del Plata,AR,-38.0023,-57.5575,75.22,82,0,21.0,clear sky
120,Jamestown,US,42.097,-79.2353,39.09,54,100,1.99,overcast clouds
121,Hirara,JP,24.8,125.2833,63.39,65,84,8.66,broken clouds
122,Dikson,RU,73.5069,80.5464,-4.95,94,100,18.25,overcast clouds
123,Norman Wells,CA,65.282,-126.8329,-11.16,70,75,4.61,light snow
124,Esperance,AU,-33.8667,121.9,60.64,72,1,11.83,clear sky
125,Bathsheba,BB,13.2167,-59.5167,81.21,61,20,16.11,few clouds
126,Cherskiy,RU,68.75,161.3,-29.58,99,18,1.74,few clouds
127,Te Anau,NZ,-45.4167,167.7167,52.48,66,17,2.17,few clouds
128,Gramada,BG,43.8344,22.6586,24.73,77,57,6.69,broken clouds
129,Morondava,MG,-20.2833,44.2833,79.72,84,100,8.88,moderate rain
130,La Asuncion,VE,11.0333,-63.8628,82.13,69,7,17.27,clear sky
131,Saint-Augustin,CA,51.226,-58.6502,9.91,94,98,5.19,light snow
132,Cravo Norte,CO,6.3017,-70.2041,93.7,29,63,7.05,broken clouds
133,Malinovoye Ozero,RU,51.6753,79.7825,9.19,91,100,4.0,overcast clouds
134,Villa Carlos Paz,AR,-31.4241,-64.4978,101.05,12,3,10.0,clear sky
135,Hovd,MN,48.0056,91.6419,-1.68,74,50,2.71,scattered clouds
136,Krasnaya Gora,RU,52.9995,31.6023,-0.15,98,7,6.44,clear sky
137,Hobyo,SO,5.3505,48.5268,77.14,71,92,21.14,overcast clouds
138,Namtsy,RU,62.7161,129.6658,-30.89,98,100,3.06,overcast clouds
139,Saint-Georges,GD,12.0564,-61.7485,82.08,61,20,16.11,few clouds
140,Manali,IN,13.1667,80.2667,81.07,85,81,6.78,broken clouds
141,Burriana,ES,39.889,-0.085,52.7,90,34,3.89,scattered clouds
142,Kaseda,JP,31.4167,130.3167,38.43,73,99,22.06,overcast clouds
143,Cap Malheureux,MU,-19.9842,57.6142,79.47,86,93,5.01,overcast clouds
144,Mahina,PF,-17.5065,-149.489,74.97,94,75,9.22,moderate rain
145,Praia,CV,14.9215,-23.5087,70.34,64,97,8.05,overcast clouds
146,Doha,QA,25.2867,51.5333,64.29,72,0,2.3,clear sky
147,Yar-Sale,RU,66.8333,70.8333,9.05,89,100,13.22,overcast clouds
148,Hambantota,LK,6.1241,81.1185,75.54,100,75,1.14,broken clouds
149,Skarnes,NO,60.2528,11.6797,38.75,95,81,3.2,broken clouds
150,Kaitangata,NZ,-46.2817,169.8464,54.93,68,66,10.54,broken clouds
151,Saravena,CO,6.9538,-71.8752,90.45,36,66,0.81,broken clouds
152,Auki,SB,-8.7676,160.7034,80.76,86,99,7.31,moderate rain
153,Fare,PF,-16.7,-151.0167,77.59,85,100,12.12,light rain
154,Port Hardy,CA,50.6996,-127.4199,46.58,93,100,14.97,light rain
155,Baruun-Urt,MN,46.6806,113.2792,-5.93,94,8,6.82,clear sky
156,Palana,RU,59.1167,159.9667,0.01,92,50,5.1,scattered clouds
157,Tomatlan,MX,19.9333,-105.25,97.86,23,65,12.35,broken clouds
158,Pangai,TO,-19.8,-174.35,82.51,78,75,11.5,broken clouds
159,Lebu,CL,-37.6167,-73.65,63.97,76,3,9.86,clear sky
160,Hajnowka,PL,52.7433,23.5812,28.02,86,75,1.99,broken clouds
161,Adrar,MR,20.5022,-10.0711,64.9,18,79,9.37,broken clouds
162,Port Lincoln,AU,-34.7333,135.8667,64.99,71,97,12.08,overcast clouds
163,Omboue,GA,-1.5746,9.2618,77.67,88,100,7.36,overcast clouds
164,Povenets,RU,62.8487,34.8262,21.85,92,100,17.02,light snow
165,Severnoye,RU,56.3491,78.3619,-13.99,100,100,3.09,overcast clouds
166,Cabo San Lucas,MX,22.8909,-109.9124,84.61,58,75,5.01,broken clouds
167,Skjervoy,NO,70.0311,20.9714,36.27,87,100,35.66,light rain
168,Kinshasa,CD,-4.3246,15.3215,75.58,83,20,2.3,light rain
169,Fochabers,GB,57.6136,-3.0957,50.9,72,0,7.0,clear sky
170,Prokhorovka,RU,51.0374,36.7325,2.77,97,89,9.82,overcast clouds
171,Tuatapere,NZ,-46.1333,167.6833,55.81,62,75,3.02,broken clouds
172,Mali,GN,12.079,-12.2982,70.92,18,35,0.27,scattered clouds
173,Yellowknife,CA,62.456,-114.3525,-12.48,77,75,5.75,light snow
174,Tiarei,PF,-17.5333,-149.3333,75.22,82,99,15.52,light rain
175,Pacific Grove,US,36.6177,-121.9166,73.58,41,0,1.99,clear sky
176,Severo-Kurilsk,RU,50.6789,156.125,31.48,83,100,38.03,light snow
177,Airai,TL,-8.9266,125.4092,61.81,93,99,2.26,overcast clouds
178,Maunabo,PR,18.0072,-65.8993,80.44,76,4,7.87,clear sky
179,Thompson,CA,55.7435,-97.8558,-1.71,82,100,4.74,overcast clouds
180,Lavrentiya,RU,65.5833,-171.0,-16.02,94,34,9.22,scattered clouds
181,Mehamn,NO,71.0357,27.8492,35.78,86,100,14.97,shower snow
182,Shambu,ET,9.5667,37.1,56.1,63,100,3.38,overcast clouds
183,Coruche,PT,38.9595,-8.5252,54.91,76,0,5.73,clear sky
184,Dingle,PH,10.9995,122.6711,71.38,92,12,7.07,few clouds
185,Upernavik,GL,72.7868,-56.1549,6.66,94,100,4.14,light snow
186,Biltine,TD,14.5333,20.9167,76.1,24,9,9.01,clear sky
187,Itaituba,BR,-4.2761,-55.9836,86.16,70,20,9.22,thunderstorm
188,Gogrial,SS,8.5332,28.1004,88.32,29,97,1.83,overcast clouds
189,Evanston,US,42.0411,-87.6901,41.72,70,75,3.0,broken clouds
190,Japura,ID,-0.3167,102.35,71.92,93,100,2.08,overcast clouds
191,Aguachica,CO,8.3084,-73.6166,88.93,46,59,4.97,broken clouds
192,Tura,IN,25.5198,90.2201,56.84,93,98,1.81,overcast clouds
193,Ilulissat,GL,69.2167,-51.1,14.02,62,75,12.66,light snow
194,Manzhouli,CN,49.6,117.4333,-9.42,95,16,4.97,few clouds
195,San Vicente,AR,-26.6167,-54.1333,84.27,21,0,3.09,clear sky
196,Fortuna,US,40.5982,-124.1573,67.93,60,0,4.0,clear sky
197,Baherden,TM,38.4362,57.4316,47.25,64,1,3.78,clear sky
198,Mocajuba,BR,-2.5842,-49.5072,74.17,96,77,2.37,broken clouds
199,Ulaangom,MN,49.9811,92.0667,-15.95,96,100,2.24,overcast clouds
200,Lamar,US,33.6668,-95.5836,63.99,27,0,11.5,clear sky
201,Lazarev,RU,52.225,141.5131,11.17,93,100,18.79,overcast clouds
202,Abbeville,FR,50.1,1.8333,40.5,91,37,3.42,scattered clouds
203,Russell,US,32.3502,-85.1999,58.96,45,73,0.27,broken clouds
204,Vrangel,RU,42.7297,133.0839,9.52,60,81,19.64,broken clouds
205,Muscatine,US,41.4667,-91.1335,50.09,53,0,9.22,clear sky
206,Sungaipenuh,ID,-2.0833,101.3833,62.2,96,84,3.36,broken clouds
207,Sao Bento,BR,-6.2833,-37.75,79.0,60,98,11.36,moderate rain
208,Kibaya,TZ,-5.3,36.5667,58.71,73,88,5.86,overcast clouds
209,Caldas Novas,BR,-17.7417,-48.625,68.41,96,100,2.62,overcast clouds
210,Araouane,ML,18.9048,-3.5265,66.76,11,42,8.7,scattered clouds
211,Antofagasta,CL,-23.65,-70.4,74.21,61,79,7.61,broken clouds
212,Byron Bay,AU,-28.65,153.6167,75.06,68,55,7.85,broken clouds
213,Meligalas,GR,37.2167,21.9667,43.72,61,4,9.22,clear sky
214,Ternate,ID,0.8,127.4,79.66,81,100,7.81,overcast clouds
215,Thessalon,CA,46.2501,-83.5666,21.69,88,77,3.8,broken clouds
216,Nizwa,OM,22.9333,57.5333,61.79,57,2,3.98,clear sky
217,Didsbury,GB,53.417,-2.2315,47.97,94,12,1.99,few clouds
218,Enid,US,36.3956,-97.8784,61.3,24,40,5.99,scattered clouds
219,Cusset,FR,46.13,3.4596,27.63,78,1,1.19,clear sky
220,Konosha,RU,60.9736,40.257,4.33,86,94,10.27,overcast clouds
221,Bacong,PH,9.2464,123.2956,76.19,90,83,11.32,broken clouds
222,Acapulco,MX,16.8634,-99.8901,84.02,74,0,10.36,clear sky
223,Tezu,IN,27.9167,96.1667,57.09,96,100,2.04,overcast clouds
224,Sitka,US,57.0531,-135.33,39.09,87,100,0.0,overcast clouds
225,Dulce Nombre De Culmi,HN,15.1,-85.5333,73.17,80,77,4.29,broken clouds
226,Pirai Do Sul,BR,-24.5261,-49.9486,64.85,96,94,3.04,overcast clouds
227,Yuanping,CN,38.7153,112.7575,16.2,44,0,2.66,clear sky
228,Beverungen,DE,51.6667,9.3667,37.33,87,49,3.31,scattered clouds
229,Ahipara,NZ,-35.1667,173.1667,72.73,54,33,8.86,scattered clouds
230,Grand Gaube,MU,-20.0064,57.6608,79.38,86,92,5.01,overcast clouds
231,Vanimo,PG,-2.6741,141.3028,79.0,88,100,5.03,overcast clouds
232,Bud,US,39.447,-86.1758,49.12,57,98,7.85,overcast clouds
233,Ust-Tsilma,RU,65.441,52.1498,15.82,91,100,12.66,light snow
234,Puerto Ayora,EC,-0.7393,-90.3518,84.16,77,29,9.4,scattered clouds
235,Kenai,US,60.5544,-151.2583,28.45,100,100,3.44,light snow
236,Warri,NG,5.5167,5.75,81.93,79,54,6.58,broken clouds
237,Lethem,GY,3.3803,-59.7968,87.67,44,100,9.75,overcast clouds
238,Keffi,NG,8.8486,7.8736,75.58,20,9,1.36,clear sky
239,Bambous Virieux,MU,-20.3428,57.7575,79.21,89,40,11.5,light rain
240,Shieli,KZ,44.1667,66.75,35.74,81,100,11.48,overcast clouds
241,Lompoc,US,34.6391,-120.4579,76.57,30,0,0.0,clear sky
242,Kibre Mengist,ET,5.8833,38.9833,57.13,49,97,2.71,overcast clouds
243,Georgetown,MY,5.4112,100.3354,78.73,67,20,6.91,few clouds
244,Hashtgerd,IR,35.9642,50.6858,48.76,58,10,6.22,clear sky
245,Naryan-Mar,RU,67.6713,53.087,13.57,90,100,19.51,overcast clouds
246,Bure,ET,10.7,37.0667,58.64,68,99,3.56,overcast clouds
247,Abu Samrah,SY,35.3029,37.1841,52.86,65,100,6.67,overcast clouds
248,Broken Hill,AU,-31.95,141.4333,82.11,42,64,8.05,broken clouds
249,Faya,SA,18.3851,42.4509,55.51,69,21,0.87,few clouds
250,Alihe,CN,50.5667,123.7167,-16.6,98,10,3.22,clear sky
251,Bubaque,GW,11.2833,-15.8333,78.73,67,46,11.81,scattered clouds
252,Mount Isa,AU,-20.7333,139.5,82.17,61,100,5.75,overcast clouds
253,Tucuman,AR,-26.8241,-65.2226,102.2,18,0,5.75,clear sky
254,Tessalit,ML,20.1986,1.0114,64.06,11,5,7.99,clear sky
255,Mnogovershinnyy,RU,53.9353,139.9242,2.21,97,100,5.39,overcast clouds
256,Katsuura,JP,35.1333,140.3,41.14,55,96,11.25,overcast clouds
257,Caledon,ZA,-34.23,19.4265,71.17,80,99,8.81,overcast clouds
258,Vinukonda,IN,16.05,79.75,67.86,96,22,2.95,few clouds
259,Olinda,BR,-8.0089,-34.8553,82.13,74,40,8.05,scattered clouds
260,Buchanan,LR,5.8808,-10.0467,78.76,84,18,6.85,moderate rain
261,Portoferraio,IT,42.8115,10.3146,45.57,47,0,19.98,clear sky
262,Portland,US,45.5234,-122.6762,63.19,64,75,4.0,broken clouds
263,Nagorsk,RU,59.3172,50.8078,-7.73,98,7,3.11,clear sky
264,Micheweni,TZ,-4.9667,39.8333,81.1,77,9,14.81,clear sky
265,Harrisburg,US,40.2737,-76.8844,41.16,62,0,3.0,clear sky
266,Balakirevo,RU,56.5059,38.8432,-7.42,100,91,4.07,overcast clouds
267,Zhenlai,CN,45.8495,123.2973,-14.62,98,12,2.89,few clouds
268,Jalu,LY,29.0331,21.5482,55.26,58,95,7.94,overcast clouds
269,Dauriya,RU,49.9333,116.8667,-17.03,100,28,2.08,scattered clouds
270,Donghai,CN,22.9459,115.642,58.95,68,83,4.36,broken clouds
271,Spalding,US,33.2668,-84.2833,56.21,35,0,0.0,clear sky
272,Boyolangu,ID,-8.1181,111.8935,74.07,94,100,3.47,overcast clouds
273,Nikolskoye,RU,59.7035,30.7861,22.87,93,99,10.71,overcast clouds
274,Gravdal,NO,68.1214,13.5031,37.29,75,75,23.02,broken clouds
275,Mount Gambier,AU,-37.8333,140.7667,67.91,77,40,8.05,scattered clouds
276,Kahului,US,20.8947,-156.47,82.42,74,40,5.75,scattered clouds
277,Sai Buri,TH,6.7013,101.6168,77.97,73,94,9.24,overcast clouds
278,Lakeway,US,30.3638,-97.9796,66.87,45,1,1.99,clear sky
279,San Patricio,US,28.017,-97.5169,64.49,58,100,4.18,overcast clouds
280,Fort Smith,US,35.3859,-94.3986,62.65,41,0,10.36,clear sky
281,La Solana,ES,38.9442,-3.2381,40.42,67,0,12.08,clear sky
282,Turukhansk,RU,65.8167,87.9833,-25.78,99,100,7.52,overcast clouds
283,Lagoa,PT,39.05,-27.9833,60.76,77,100,18.54,overcast clouds
284,Makakilo City,US,21.3469,-158.0858,79.12,57,0,8.05,clear sky
285,Havelock,US,34.8791,-76.9013,57.06,68,0,10.36,clear sky
286,Zhigansk,RU,66.7697,123.3711,-24.48,99,100,8.88,overcast clouds
287,Fonte Boa,BR,-2.4959,-66.2662,82.36,78,98,2.89,overcast clouds
288,Ambon,ID,-3.6954,128.1814,77.14,94,40,4.61,scattered clouds
289,Penalva,BR,-3.2942,-45.1736,74.43,95,74,3.24,broken clouds
290,Jatai,BR,-17.8814,-51.7144,68.99,91,88,8.46,overcast clouds
291,Altoona,US,40.5187,-78.3947,43.81,54,60,7.0,broken clouds
292,Mendoza,AR,-32.8908,-68.8272,101.73,25,40,17.27,scattered clouds
293,Conde,BR,-7.2597,-34.9075,80.06,78,20,8.05,few clouds
294,Souillac,MU,-20.5167,57.5167,79.36,89,40,11.5,scattered clouds
295,San Jose,US,37.3394,-121.895,70.72,52,20,1.01,few clouds
296,Minab,IR,27.1467,57.0801,56.7,69,0,1.92,clear sky
297,Ancud,CL,-41.8697,-73.8203,74.43,67,0,10.58,clear sky
298,Yinchuan,CN,38.4681,106.2731,18.36,43,0,2.55,clear sky
299,Hasaki,JP,35.7333,140.8333,37.8,46,99,9.37,overcast clouds
300,Ler,SS,8.3018,30.1418,85.62,30,86,2.1,overcast clouds
301,Ambanja,MG,-13.6833,48.45,76.55,92,100,3.13,overcast clouds
302,Aksu,CN,41.1231,80.2644,21.6,59,40,2.3,scattered clouds
303,Muncar,ID,-8.4333,114.3333,75.92,88,100,1.05,overcast clouds
304,Leningradskiy,RU,69.3833,178.4167,-21.51,96,33,3.8,scattered clouds
305,Codrington,AU,-38.2667,141.9667,68.25,80,100,11.03,light rain
306,Smithers,CA,54.7804,-127.1743,32.32,100,100,2.3,mist
307,Umm Lajj,SA,25.0213,37.2685,73.04,53,76,6.44,broken clouds
308,Baykit,RU,61.67,96.37,-24.43,100,87,2.35,overcast clouds
309,Vestmannaeyjar,IS,63.4427,-20.2734,39.0,73,100,34.87,overcast clouds
310,Alugan,PH,12.2188,125.4808,77.45,74,96,16.89,overcast clouds
311,Coquimbo,CL,-29.9533,-71.3436,69.53,73,20,12.66,few clouds
312,Mastung,PK,29.7994,66.845,37.81,58,0,3.18,clear sky
313,Sistranda,NO,63.7256,8.834,46.9,90,100,47.74,overcast clouds
314,Los Llanos De Aridane,ES,28.6585,-17.9182,60.55,75,40,4.0,scattered clouds
315,Sinnamary,GF,5.3833,-52.95,77.23,83,15,6.62,few clouds
316,Chapais,CA,49.7834,-74.8492,-2.42,97,98,4.41,overcast clouds
317,Lidzbark Warminski,PL,54.1259,20.5795,29.71,97,94,13.71,overcast clouds
318,Vardo,NO,70.3705,31.1107,35.8,93,100,32.21,overcast clouds
319,Qujing,CN,25.4833,103.7833,45.07,89,82,4.59,broken clouds
320,Mokhotlong,LS,-29.2894,29.0675,57.9,91,87,3.44,light rain
321,Narsaq,GL,60.9167,-46.05,8.82,82,26,3.91,scattered clouds
322,Miraflores,MX,19.2167,-98.8083,68.65,37,28,5.99,scattered clouds
323,Udachnyy,RU,66.4167,112.4,-29.52,100,99,2.28,overcast clouds
324,Uvat,RU,59.1433,68.8953,-4.63,99,57,4.85,broken clouds
325,Weinan,CN,34.5036,109.5089,31.69,36,100,3.78,overcast clouds
326,Sakaiminato,JP,35.55,133.2333,39.18,70,75,14.97,broken clouds
327,Khasan,RU,42.4308,130.6434,13.53,59,24,21.94,few clouds
328,Avera,US,33.194,-82.5271,58.51,48,28,2.19,scattered clouds
329,Najran,SA,17.4924,44.1277,59.65,34,5,1.16,clear sky
330,Evensk,RU,61.95,159.2333,-4.5,79,35,9.78,scattered clouds
331,Puerto Baquerizo Moreno,EC,-0.9,-89.6,77.99,78,40,17.27,scattered clouds
332,Roald,NO,62.5833,6.1333,49.33,93,100,39.12,overcast clouds
333,Jumla,NP,29.2747,82.1838,26.29,64,17,6.08,few clouds
334,Kawalu,ID,-7.3817,108.2082,71.4,95,100,3.18,overcast clouds
335,Siuri,IN,23.9167,87.5333,62.98,90,33,4.56,scattered clouds
336,Dwarka,IN,22.2394,68.9678,65.03,49,2,12.88,clear sky
337,Jurm,AF,36.8648,70.8342,29.61,61,100,4.03,overcast clouds
338,Petropavlovsk-Kamchatskiy,RU,53.0452,158.6483,16.39,73,75,8.95,broken clouds
339,Svetlaya,RU,46.5389,138.3297,11.62,86,100,12.24,overcast clouds
340,Mabaruma,GY,8.2,-59.7833,74.12,88,62,4.25,broken clouds
341,Tasiilaq,GL,65.6145,-37.6368,19.56,75,81,9.04,broken clouds
342,Waitati,NZ,-45.75,170.5667,58.32,54,29,9.22,scattered clouds
343,Kainantu,PG,-6.2887,145.8655,63.46,93,98,2.21,overcast clouds
344,Clyde River,CA,70.4692,-68.5914,-28.97,75,0,4.61,clear sky
345,Henderson,US,36.0397,-114.9819,66.38,21,0,4.61,clear sky
346,Bengkulu,ID,-3.8004,102.2655,74.3,89,100,4.29,overcast clouds
347,Viramgam,IN,23.1225,72.0484,53.83,51,22,8.25,few clouds
348,Villa Del Rosario,CO,7.8339,-72.4742,80.98,57,40,5.75,scattered clouds
349,Bulgan,MN,48.8125,103.5347,0.68,80,96,3.78,overcast clouds
350,Marshall,US,34.3834,-86.3333,56.97,42,0,1.01,light rain
351,Porto Novo,BJ,6.4965,2.6036,84.02,80,100,8.93,overcast clouds
352,Taltal,CL,-25.4,-70.4833,70.9,74,98,7.31,overcast clouds
353,Manggar,ID,-2.8833,108.2667,76.6,89,99,8.59,overcast clouds
354,Dunedin,NZ,-45.8742,170.5036,56.98,58,37,12.84,scattered clouds
355,Kargasok,RU,59.0556,80.8572,-16.38,100,92,3.83,overcast clouds
356,Manaure,CO,11.7751,-72.4445,82.51,63,4,14.97,clear sky
357,Bardiyah,LY,31.7561,25.0865,56.12,75,95,11.39,overcast clouds
358,Waipawa,NZ,-41.4122,175.5153,57.45,63,100,12.55,overcast clouds
359,Castro,BR,-24.7911,-50.0119,65.93,92,87,4.92,overcast clouds
360,Grand-Santi,GF,4.25,-54.3833,77.07,79,45,3.42,scattered clouds
361,Tuy Hoa,VN,13.0833,109.3,71.89,85,78,7.92,broken clouds
362,Vestmanna,FO,62.1564,-7.1664,47.32,93,100,16.11,drizzle
363,Tagusao,PH,9.1924,117.8141,76.28,84,83,4.32,broken clouds
364,Puerto Del Rosario,ES,28.5004,-13.8627,64.15,77,20,5.75,few clouds
365,Moskovskiy,RU,55.5991,37.355,4.78,85,75,7.0,broken clouds
366,Tselinnoye,RU,53.0833,85.6667,9.34,89,100,2.48,overcast clouds
367,Zhezkazgan,KZ,47.8043,67.7144,18.1,91,100,8.84,overcast clouds
368,Chuy,UY,-33.6971,-53.4616,73.29,74,0,13.0,clear sky
369,Kishtwar,IN,33.3167,75.7667,33.85,70,100,4.92,overcast clouds
370,Bantogon,PH,6.5333,124.0333,76.73,80,91,3.67,overcast clouds
371,Kirakira,SB,-10.4544,161.9205,84.4,74,74,6.04,heavy intensity rain
372,Daru,PG,-9.0763,143.2092,78.66,87,100,6.06,overcast clouds
373,Lashio,MM,22.9333,97.75,50.85,94,32,1.52,scattered clouds
374,Valparaiso,CL,-33.0393,-71.6273,77.23,60,0,6.91,clear sky
375,Hervey Bay,AU,-25.2986,152.8535,73.51,82,3,3.0,clear sky
376,Eureka,US,40.8021,-124.1637,68.2,64,100,4.85,overcast clouds
377,Atbasar,KZ,51.8,68.3333,11.88,93,100,10.4,overcast clouds
378,Longyearbyen,SJ,78.2186,15.6401,33.64,69,40,18.41,scattered clouds
379,Mitsamiouli,KM,-11.3847,43.2844,82.69,72,100,8.63,overcast clouds
380,Yingkou,CN,40.6648,122.2283,11.44,56,0,7.34,clear sky
381,Santa Isabel Do Rio Negro,BR,-0.4139,-65.0192,80.24,82,100,1.1,overcast clouds
382,Biloela,AU,-24.4167,150.5,75.61,57,0,9.93,clear sky
383,Tabuk,PH,17.4189,121.4443,66.31,95,93,2.28,overcast clouds
384,Sola,VU,-13.8833,167.55,84.87,70,75,0.0,broken clouds
385,Langnau,CH,46.9394,7.7874,28.44,87,5,4.34,clear sky
386,Isangel,VU,-19.55,169.2667,82.51,89,40,9.22,scattered clouds
387,Gaoua,BF,10.2992,-3.2508,81.63,15,56,3.4,broken clouds
388,Necochea,AR,-38.5473,-58.7368,94.26,21,0,8.25,clear sky
389,Matara,LK,5.9485,80.5353,76.12,89,94,0.81,overcast clouds
390,Trincomalee,LK,8.5711,81.2335,79.52,79,27,6.08,scattered clouds
391,Marawi,PH,7.9986,124.2928,66.65,96,100,2.13,overcast clouds
392,Oum Hadjer,TD,13.2954,19.6966,77.92,19,69,13.18,broken clouds
393,Muli,MV,2.9167,73.5667,81.5,74,100,6.2,overcast clouds
394,Cockburn Town,TC,21.4612,-71.1419,69.76,88,75,6.91,broken clouds
395,Turayf,SA,31.6725,38.6637,52.05,71,0,4.61,clear sky
396,Fevik,NO,58.3794,8.6766,44.1,85,100,19.66,overcast clouds
397,Feicheng,CN,35.2606,117.9675,25.59,48,1,6.02,clear sky
398,Iralaya,HN,15.0,-83.2333,78.84,76,5,9.55,clear sky
399,Chapayevka,UA,47.4711,36.3451,14.31,68,94,11.77,overcast clouds
400,Soma,TR,39.1855,27.6094,41.0,86,97,19.33,overcast clouds
401,Krapivinskiy,RU,54.9992,86.8133,-0.76,100,100,1.9,overcast clouds
402,Skala Fourkas,GR,39.9998,23.3841,39.54,76,100,6.17,overcast clouds
403,Richards Bay,ZA,-28.783,32.0377,72.95,88,89,9.31,overcast clouds
404,Tutoia,BR,-2.7619,-42.2744,84.18,79,26,8.81,scattered clouds
405,Jabinyanah,TN,35.035,10.9081,49.8,69,17,11.77,few clouds
406,Aksha,RU,50.2814,113.2867,-7.55,92,51,2.84,broken clouds
407,Leua,SK,48.2156,18.6071,27.21,60,7,2.06,clear sky
408,Axim,GH,4.8699,-2.2405,81.23,80,53,11.23,broken clouds
409,Kavaratti,IN,10.5669,72.642,78.28,69,56,10.4,broken clouds
410,Kutoarjo,ID,-7.7169,109.9128,78.89,89,100,2.24,overcast clouds
411,Shingu,JP,33.7333,135.9833,42.91,68,51,10.22,broken clouds
412,Lewistown,US,40.5992,-77.5714,45.45,79,0,0.0,clear sky
413,Andenes,NO,69.3143,16.1194,35.58,80,75,27.63,broken clouds
414,Greencastle,US,39.6445,-86.8647,49.33,53,40,8.05,scattered clouds
415,Mayya,RU,61.7333,130.2811,-31.68,99,100,2.48,overcast clouds
416,Bako,ET,5.7833,36.5667,69.21,55,95,3.47,overcast clouds
417,Pitimbu,BR,-7.4706,-34.8086,81.19,76,76,8.08,broken clouds
418,Novyy Yarychiv,UA,49.9044,24.3052,22.33,93,54,5.17,broken clouds
419,Fort Morgan,US,40.2503,-103.8,49.1,43,0,6.91,clear sky
420,Nizhniy Kuranakh,RU,58.8353,125.4869,-12.86,96,100,1.5,overcast clouds
421,Krasnoselkup,RU,65.7,82.4667,-14.24,99,98,12.48,overcast clouds
422,Nhulunbuy,AU,-12.2333,136.7667,79.41,94,40,4.61,scattered clouds
423,Warmbad,NA,-28.45,18.7333,86.29,27,9,12.03,clear sky
424,Maarianhamina,AX,60.0973,19.9348,37.26,93,0,10.36,clear sky
425,Dicabisagan,PH,17.0818,122.4157,69.33,90,83,4.47,broken clouds
426,Pishin,PK,30.5803,66.9961,38.39,63,0,1.72,clear sky
427,Kaabong,UG,3.4836,34.1492,66.72,48,100,6.85,overcast clouds
428,Hohhot,CN,40.8106,111.6522,-1.91,71,0,4.47,clear sky
429,Yarada,IN,17.65,83.2667,73.72,94,75,2.3,mist
430,Donskoye,RU,45.4552,41.9741,28.53,95,100,9.55,light snow
431,Taicheng,CN,38.731,113.228,11.68,48,0,3.09,clear sky
432,Medeiros Neto,BR,-17.3739,-40.2206,75.7,80,0,11.74,clear sky
433,Abay,KZ,49.6311,72.8539,8.98,94,100,4.99,snow
434,Sarny,UA,51.338,26.6019,12.74,94,67,5.53,broken clouds
435,Roma,US,43.2128,-75.4557,35.46,68,100,4.61,overcast clouds
436,Paamiut,GL,61.994,-49.6678,11.3,91,100,6.64,light snow
437,Morgan City,US,29.6994,-91.2068,63.03,36,0,6.91,haze
438,Porbandar,IN,21.6422,69.6093,61.27,54,0,11.79,clear sky
439,Jaguey Grande,CU,22.5269,-81.1286,77.65,55,45,9.08,scattered clouds
440,Horodyshche,UA,49.2849,31.4451,9.28,87,37,10.45,scattered clouds
441,Harper,LR,4.375,-7.7169,79.88,82,22,8.48,light rain
442,Port Blair,IN,11.6667,92.75,79.41,79,93,7.56,overcast clouds
443,Meaford,CA,44.6001,-80.583,32.32,90,100,10.76,light snow
444,Amet,IN,25.3,73.9333,47.89,61,9,3.22,clear sky
445,Champerico,GT,14.3,-91.9167,88.34,63,0,10.74,clear sky
446,Bharatpur,IN,27.2167,77.4833,48.31,78,68,1.72,broken clouds
447,Kutum,SD,14.2,24.6667,71.82,31,40,5.37,scattered clouds
448,Naze,JP,28.3667,129.4833,54.39,62,100,14.76,overcast clouds
449,Zhuhai,CN,22.2769,113.5678,61.99,72,20,16.11,few clouds
450,Touros,BR,-5.1989,-35.4608,83.3,75,28,7.83,scattered clouds
451,Santo Domingo,DO,18.5001,-69.9886,83.84,67,20,3.0,few clouds
452,Yulara,AU,-25.2406,130.9889,80.44,17,0,6.91,clear sky
453,Taiobeiras,BR,-15.8078,-42.2331,69.01,85,54,3.53,broken clouds
454,Salalah,OM,17.0151,54.0924,71.69,73,40,4.61,scattered clouds
455,Lac Du Bonnet,CA,50.2536,-96.0612,10.58,95,98,3.11,light snow
456,Bethel,US,41.3712,-73.414,38.91,61,0,9.22,clear sky
457,Melfi,IT,40.9965,15.6514,40.5,74,91,10.31,overcast clouds
458,Shaunavon,CA,49.6501,-108.4181,38.86,81,98,15.82,overcast clouds
459,Wanning,CN,18.8003,110.3967,66.92,87,68,3.89,broken clouds
460,Sao Filipe,CV,14.8961,-24.4956,72.61,69,100,7.16,overcast clouds
461,Dedougou,BF,12.4667,-3.4667,77.07,12,81,6.58,broken clouds
462,Carauari,BR,-4.8828,-66.8958,74.44,95,93,1.88,overcast clouds
463,Trairi,BR,-3.2778,-39.2689,78.78,77,99,7.54,overcast clouds
464,Mesyagutovo,RU,55.5303,58.2528,-12.24,100,61,3.22,broken clouds
465,Muros,ES,42.7762,-9.0603,52.23,69,45,8.1,scattered clouds
466,Rocha,UY,-34.4833,-54.3333,73.8,64,0,11.97,clear sky
467,Sao Raimundo Das Mangabeiras,BR,-7.0219,-45.4811,73.45,93,94,2.71,overcast clouds
468,Hofn,IS,64.2539,-15.2082,37.0,77,63,22.93,broken clouds
469,Akyab,MM,20.15,92.9,65.39,79,5,6.69,clear sky
470,Coachella,US,33.6803,-116.1739,79.52,15,0,0.0,clear sky
471,Poltavka,RU,54.3663,71.7632,-14.53,100,100,4.85,overcast clouds
472,Kedrovyy,RU,56.1667,91.8167,1.87,99,100,1.3,overcast clouds
473,Nybro,SE,56.7446,15.9071,43.61,93,100,15.73,overcast clouds
474,Balykshi,KZ,47.0667,51.8667,26.6,86,64,8.95,mist
475,Bjelovar,HR,45.8986,16.8489,22.39,75,6,2.51,clear sky
476,Maningrida,AU,-12.0667,134.2667,78.71,83,98,6.51,moderate rain
477,Bara,NG,10.3744,10.7288,74.5,24,11,8.14,few clouds
478,Parys,FR,48.8534,2.3488,41.07,93,100,5.01,overcast clouds
479,Biak,ID,-0.9131,122.8766,75.69,82,100,4.34,overcast clouds
480,La Rioja,ES,42.25,-2.5,35.04,68,1,4.97,clear sky
481,Moose Factory,CA,51.2585,-80.6094,-5.8,65,0,8.05,clear sky
482,Port Macquarie,AU,-31.4333,152.9167,71.56,67,1,1.74,clear sky
483,Baghdad,IQ,33.3406,44.4009,62.11,59,94,8.08,overcast clouds
484,Amparo,BR,-22.7011,-46.7644,76.82,92,81,2.66,broken clouds
485,Bilibino,RU,68.0546,166.4372,-13.07,83,51,3.74,broken clouds
486,Lodja,CD,-3.4833,23.4333,70.72,98,100,1.77,light rain
487,Yeniseysk,RU,58.4497,92.1703,-17.57,100,100,0.31,overcast clouds
488,San Cristobal,VE,7.7669,-72.225,75.38,59,75,1.41,broken clouds
489,Colorado,BR,-22.8375,-51.9731,72.36,79,71,7.25,broken clouds
490,Jackson,US,42.4165,-122.8345,60.04,66,0,0.0,clear sky
491,Begoro,GH,6.3871,-0.3774,74.61,84,44,5.66,scattered clouds
492,Oyama,JP,36.3,139.8,40.59,46,83,4.29,broken clouds
493,Loa Janan,ID,-0.583,117.095,71.8,98,100,2.06,heavy intensity rain
494,Hualmay,PE,-11.0964,-77.6139,74.21,72,67,11.65,broken clouds
495,Caramay,PH,10.1815,119.236,74.52,87,100,5.06,overcast clouds
496,Boundiali,CI,9.5217,-6.4869,79.2,17,7,2.44,clear sky
497,Aquiraz,BR,-3.9014,-38.3911,82.49,75,74,7.25,broken clouds
498,Falam,MM,22.9167,93.6833,45.3,83,29,4.21,scattered clouds
499,Cabedelo,BR,-6.9811,-34.8339,81.27,76,82,8.57,broken clouds
500,Viedma,AR,-40.8135,-62.9967,106.47,7,0,15.64,clear sky
501,Kaliua,TZ,-5.0606,31.7936,68.14,88,91,2.82,overcast clouds
502,Kaeo,NZ,-35.1,173.7833,73.33,72,13,6.33,few clouds
503,Tibati,CM,6.4667,12.6333,74.19,29,98,4.74,overcast clouds
504,Brigantine,US,39.4101,-74.3646,43.05,51,0,5.75,clear sky
505,Dudinka,RU,69.4058,86.1778,-7.38,96,100,17.78,overcast clouds
506,Bayir,TR,37.2687,28.2167,43.32,96,100,8.12,overcast clouds
507,Abong Mbang,CM,3.9833,13.1833,73.24,44,100,3.29,overcast clouds
508,Christchurch,NZ,-43.5333,172.6333,59.92,64,100,4.0,overcast clouds
509,Lumphat,KH,13.4878,106.9816,66.79,87,38,4.92,scattered clouds
510,Comodoro Rivadavia,AR,-45.8667,-67.5,91.26,10,0,26.46,clear sky
511,Taunggyi,MM,20.7833,97.0333,50.02,66,0,2.08,clear sky
512,Nuuk,GL,64.1835,-51.7216,14.61,79,100,3.44,light snow
513,Anupgarh,IN,29.1911,73.2086,54.68,52,1,2.13,clear sky
514,Koindu,GN,8.4386,-10.3253,74.89,62,12,6.33,few clouds
515,Kholmsk,RU,47.0511,142.0569,25.48,85,100,22.41,snow
516,Bandarbeyla,SO,9.4942,50.8122,75.22,68,39,20.89,scattered clouds
517,Erdenet,MN,49.0333,104.0833,-1.82,80,100,4.47,overcast clouds
518,Seoul,KR,37.5683,126.9778,24.24,51,75,5.75,broken clouds
519,Geraldton,AU,-28.7667,114.6,68.41,83,75,10.36,light rain
520,Nichinan,JP,31.6,131.3667,38.35,83,24,8.03,few clouds
521,Warrnambool,AU,-38.3833,142.4833,70.81,80,100,8.52,light rain
522,Saurimo,AO,-9.6608,20.3916,66.58,98,100,2.04,overcast clouds
523,Pemba,MZ,-12.974,40.5178,81.3,83,75,11.5,broken clouds
524,Waingapu,ID,-9.6567,120.2641,78.44,86,97,5.68,overcast clouds
525,Lukulu,ZM,-14.3707,23.242,67.1,97,100,6.73,moderate rain
526,Shubarshi,KZ,48.5872,57.1869,7.95,94,18,8.59,few clouds
527,Qandala,SO,11.472,49.8728,73.2,66,10,4.79,clear sky
528,Banda Aceh,ID,5.5577,95.3222,77.99,83,78,10.33,broken clouds
529,Yambio,SS,4.5721,28.3955,83.82,35,100,2.57,overcast clouds
530,Maksatikha,RU,57.797,35.8825,-14.69,100,77,3.96,broken clouds
531,Wanaka,NZ,-44.7,169.15,56.05,49,0,2.57,clear sky
532,Veverska Bityska,CZ,49.2759,16.4369,31.01,85,48,3.96,scattered clouds
533,Ola,RU,59.5833,151.2833,0.14,91,13,7.81,few clouds
534,Nemuro,JP,43.3236,145.575,31.95,78,68,23.89,light snow
535,Sciacca,IT,37.5082,13.0881,48.47,82,100,6.76,overcast clouds
536,Aksarka,RU,66.5606,67.7975,11.7,87,100,13.58,overcast clouds
537,Beloha,MG,-25.1667,45.05,76.39,89,99,8.43,overcast clouds
538,Kruisfontein,ZA,-34.0033,24.7314,66.88,91,54,7.81,broken clouds
539,Abu Dhabi,AE,24.4667,54.3667,67.96,80,0,7.07,clear sky
540,Mandalgovi,MN,45.7625,106.2708,6.98,49,8,10.42,clear sky
541,Assiniboia,CA,49.6334,-105.9845,39.11,75,100,17.27,overcast clouds
542,Mysen,NO,59.5535,11.3258,42.69,90,94,1.01,overcast clouds
543,Lucapa,AO,-8.4192,20.7447,65.82,98,100,2.59,light rain
544,Abha,SA,18.2164,42.5053,55.22,62,0,0.0,clear sky
545,Mentor,US,41.6662,-81.3395,42.46,66,75,9.22,broken clouds
546,Yenagoa,NG,4.9247,6.2642,81.05,81,42,6.69,scattered clouds
547,Quimper,FR,48.0,-4.1,50.83,87,100,5.75,overcast clouds
548,Kapit,MY,2.0167,112.9333,73.17,99,100,0.74,overcast clouds
549,Cayenne,GF,4.9333,-52.3333,78.84,88,0,3.44,clear sky
550,Caraballeda,VE,10.6112,-66.8522,76.14,86,41,6.51,scattered clouds
551,Sosnovka,RU,56.255,51.2842,2.25,97,88,3.31,overcast clouds
552,Mogadishu,SO,2.0371,45.3438,77.95,81,100,20.42,overcast clouds
553,Vitim,RU,59.4511,112.5578,5.45,95,100,6.33,light snow
554,Qaqortoq,GL,60.7167,-46.0333,9.1,91,59,3.13,broken clouds
555,Kamphaeng Phet,TH,16.25,99.5,69.89,58,34,2.06,scattered clouds
556,Gijon,ES,43.5357,-5.6615,46.26,79,0,6.38,clear sky
557,Ostrovnoy,RU,68.0531,39.5131,27.21,86,93,33.76,overcast clouds
558,Southbridge,US,42.0751,-72.0334,38.52,55,95,3.0,overcast clouds
559,Alto Araguaia,BR,-17.3147,-53.2153,69.75,93,95,6.93,overcast clouds
560,Calama,CL,-22.4667,-68.9333,75.69,22,57,23.02,broken clouds
561,Caravelas,BR,-17.7125,-39.2481,76.82,81,0,8.14,clear sky
562,Buraydah,SA,26.326,43.975,64.85,47,3,9.08,clear sky
563,Tondano,ID,1.3038,124.9112,66.29,94,97,1.92,overcast clouds
564,Honningsvag,NO,70.9821,25.9704,35.35,80,100,21.85,light snow
565,Aykhal,RU,66.0,111.5,-28.86,100,100,2.21,overcast clouds
566,Bajil,YE,15.0584,43.2851,77.54,64,60,3.89,broken clouds
567,Pangkalanbuun,ID,-2.6833,111.6167,72.9,98,100,0.6,light rain
568,Veraval,IN,20.9,70.3667,60.44,51,1,12.57,clear sky
569,Puro,PH,12.4841,123.3827,75.25,83,12,12.86,few clouds
570,Sur,OM,22.5667,59.5289,67.75,53,0,2.13,clear sky
571,Komsomolskoye,RU,55.2567,47.5461,14.23,95,99,9.78,snow
572,Panguna,PG,-6.3164,155.4848,77.4,76,97,2.33,overcast clouds
573,Sao Miguel Do Araguaia,BR,-13.275,-50.1628,69.24,98,100,5.64,overcast clouds
574,Sneek,NL,53.033,5.6589,42.94,97,36,10.0,scattered clouds
575,San Quintin,MX,30.4833,-115.95,69.42,31,100,7.23,overcast clouds
576,Puri,IN,19.8,85.85,64.92,84,22,7.09,few clouds
577,Coxim,BR,-18.5067,-54.76,80.98,68,74,1.43,broken clouds
578,Half Moon Bay,US,37.4636,-122.4286,69.73,56,0,0.0,clear sky
579,Bontang,ID,0.1333,117.5,74.82,90,100,3.96,overcast clouds
580,Port Moresby,PG,-9.4431,147.1797,76.42,94,20,5.75,few clouds
581,Concordia,AR,-31.393,-58.0209,105.87,28,40,11.99,scattered clouds
582,Quesnel,CA,52.9999,-122.5029,36.1,93,100,9.22,overcast clouds
583,Inta,RU,66.0317,60.1659,10.99,85,100,27.92,overcast clouds
584,North Bend,US,43.4065,-124.2243,58.15,86,0,6.91,clear sky
585,Wenling,CN,28.3669,121.36,40.95,70,93,7.25,overcast clouds
586,Harrogate,GB,53.9908,-1.5373,46.94,87,75,5.99,broken clouds
587,Muswellbrook,AU,-32.2667,150.9,72.25,77,70,6.82,broken clouds
588,Xuanhua,CN,40.6103,115.0447,13.93,58,5,5.84,clear sky
589,Mantua,IT,45.1667,10.7833,35.82,89,5,0.51,clear sky
590,Rosarito,MX,32.3333,-117.0333,79.72,28,100,3.74,overcast clouds
591,Choix,MX,26.7092,-108.3219,86.14,24,92,4.85,overcast clouds
592,Callaway,US,30.153,-85.5699,58.98,66,90,4.0,overcast clouds
593,Nouadhibou,MR,20.931,-17.0347,71.58,49,98,5.75,overcast clouds
594,Asfi,MA,32.2994,-9.2372,58.19,75,0,4.92,clear sky
595,Berdigestyakh,RU,62.0989,126.6992,-26.39,100,100,3.04,overcast clouds
596,Bagdarin,RU,54.4333,113.6,-17.16,96,78,2.86,broken clouds
597,Jining,CN,35.405,116.5814,25.56,47,23,6.91,few clouds
598,Cota,CO,4.8094,-74.098,62.58,63,40,12.66,light rain
599,Gorontalo,ID,0.5412,123.0595,73.69,95,100,3.91,overcast clouds
600,Athens,GR,37.9795,23.7162,43.16,71,75,13.0,broken clouds
601,Eenhana,NA,-17.4667,16.3333,83.95,15,100,17.54,overcast clouds
602,Urucara,BR,-2.5364,-57.76,76.28,89,100,1.16,heavy intensity rain
603,Eugene,US,44.0521,-123.0867,59.34,62,75,1.01,broken clouds
604,Rockhampton,AU,-23.3833,150.5,75.09,69,23,8.05,few clouds
605,Ixtapa,MX,20.7,-105.2,83.43,48,100,6.91,overcast clouds
606,Lardos,GR,36.0942,28.0157,55.22,82,38,5.93,scattered clouds
607,Besikduzu,TR,41.052,39.2284,46.29,96,100,17.34,moderate rain
608,Plettenberg Bay,ZA,-34.0527,23.3716,66.31,89,81,5.88,broken clouds
609,Granville,AU,-33.8333,151.0167,72.95,88,75,5.75,broken clouds
610,Eyl,SO,7.9803,49.8164,74.01,69,35,18.23,scattered clouds
611,Coffs Harbour,AU,-30.3,153.1333,71.87,83,100,2.3,overcast clouds
612,Aransas Pass,US,27.9095,-97.15,64.42,69,40,5.01,scattered clouds
613,Panaba,MX,21.2833,-88.2667,75.63,65,65,11.5,broken clouds
614,Huarmey,PE,-10.0681,-78.1522,73.98,75,81,10.42,broken clouds
615,Douentza,ML,14.9951,-2.9517,73.06,9,8,5.46,clear sky
616,San Luis,AR,-33.295,-66.3356,99.27,14,10,13.69,clear sky
617,Pryazha,RU,61.6926,33.6216,16.83,92,99,15.37,overcast clouds
618,Singaraja,ID,-8.112,115.0882,74.97,79,100,2.35,overcast clouds
619,Pokhara,NP,28.2333,83.9833,47.19,58,49,6.31,scattered clouds
620,Laguna,US,38.421,-121.4238,68.95,66,0,1.01,clear sky
621,Dubbo,AU,-32.25,148.6167,71.73,68,40,13.8,scattered clouds
622,Bodh Gaya,IN,24.7,84.9833,58.89,100,100,3.44,fog
623,Sao Jose Da Coroa Grande,BR,-8.8978,-35.1478,79.07,81,81,7.54,broken clouds
624,Askino,RU,56.0901,56.5783,-8.19,100,5,3.94,clear sky
625,Praia Da Vitoria,PT,38.7333,-27.0667,59.25,94,40,16.44,scattered clouds
626,Namibe,AO,-15.1961,12.1522,67.35,79,35,4.21,scattered clouds
627,Rockland,US,41.1668,-74.0496,39.72,56,59,1.99,broken clouds
628,Ivanteyevka,RU,55.9711,37.9208,5.34,99,74,4.72,broken clouds
629,Anadyr,RU,64.75,177.4833,-19.7,76,0,8.95,clear sky
630,Matiguas,NI,12.8373,-85.4622,81.34,49,26,10.47,scattered clouds
631,Sechura,PE,-5.5569,-80.8222,80.1,57,59,20.31,broken clouds
632,Tigil,RU,57.8,158.6667,-12.44,100,71,3.44,broken clouds
633,Margate,GB,51.3813,1.3862,41.7,78,60,7.2,broken clouds
634,Arkhangelskoye,RU,55.8549,35.3287,-7.78,99,71,3.78,broken clouds
635,Dehui,CN,44.5333,125.7,-1.89,92,42,6.73,scattered clouds
636,Opuwo,NA,-18.0607,13.84,68.79,23,100,8.08,overcast clouds
637,Aleppo,SY,36.25,37.5,52.48,61,100,6.93,overcast clouds
638,Rio Gallegos,AR,-51.6226,-69.2181,60.85,17,40,27.63,scattered clouds
639,Emmett,US,43.8735,-116.4993,40.53,63,74,1.23,broken clouds
640,Cheltenham,GB,51.9,-2.0833,40.89,92,2,1.99,clear sky
641,Remedios,CU,22.4947,-79.5458,74.32,75,32,7.2,scattered clouds
642,Alice Springs,AU,-23.7,133.8833,85.55,13,1,5.75,clear sky
643,Sisimiut,GL,66.9395,-53.6735,14.29,82,100,14.27,light snow
644,Myrtle Beach,US,33.6891,-78.8867,57.34,66,0,4.61,clear sky
645,Mildura,AU,-34.2,142.15,83.07,47,42,10.36,scattered clouds
646,Iskateley,RU,67.6803,53.1512,13.48,90,100,19.51,overcast clouds
647,Hvide Sande,DK,56.0045,8.1294,45.19,94,100,22.35,overcast clouds
648,Poya,NC,-21.35,165.15,81.54,75,72,9.4,broken clouds
649,Chilca,PE,-12.5211,-76.7372,76.84,82,98,7.02,overcast clouds
650,Kultuk,RU,51.7208,103.6956,4.46,85,89,4.7,overcast clouds
651,Jasper,US,37.2001,-94.3502,55.35,45,75,3.0,broken clouds
652,Honiara,SB,-9.4333,159.95,82.78,82,100,5.03,overcast clouds
653,Talas,TR,38.6908,35.5538,38.07,87,75,1.14,broken clouds
654,Yushala,RU,57.0761,64.2601,-7.01,88,8,4.68,clear sky
655,Tashtagol,RU,52.7657,87.8894,12.18,91,100,1.32,overcast clouds
656,Hoopstad,ZA,-27.8327,25.9083,72.75,61,2,7.83,clear sky
657,Mushie,CD,-3.0167,16.9,73.09,94,100,3.2,light rain
658,Rundu,NA,-17.9333,19.7667,73.06,67,96,6.73,overcast clouds
659,Alcantara,BR,-2.4089,-44.4147,82.6,82,65,6.71,broken clouds
660,Xining,CN,36.6167,101.7667,16.59,52,17,1.72,few clouds
661,Kiama,AU,-34.6833,150.8667,72.0,94,68,1.99,light rain
662,Amarante Do Maranhao,BR,-5.5667,-46.7422,71.4,99,100,3.44,light rain
663,Illela,NG,13.7292,5.2975,71.33,11,6,5.82,clear sky
664,Barra Do Corda,BR,-5.5,-45.25,74.3,94,94,2.55,overcast clouds
665,Mombetsu,JP,44.3525,143.3525,30.85,88,100,20.2,light snow
666,Northam,GB,51.0333,-4.2167,40.48,75,0,3.89,clear sky
667,Druzhba,UA,52.0428,33.9453,0.27,97,68,8.03,broken clouds
668,Santa Lucia,ES,27.9117,-15.5407,54.72,72,20,4.61,few clouds
669,Hastings,GB,50.8552,0.5729,42.24,80,19,3.51,few clouds
670,Broome,US,42.2506,-75.833,35.8,63,100,6.91,overcast clouds
671,Shimoda,JP,34.6667,138.95,36.1,64,99,24.47,overcast clouds
672,Semporna,MY,4.4818,118.6112,77.2,88,100,9.46,overcast clouds
673,Mana,GF,5.6592,-53.7767,77.05,84,11,5.73,few clouds
674,Inirida,CO,3.8653,-67.9239,86.94,51,71,1.16,broken clouds
675,Schwalmstadt,DE,50.9333,9.2167,35.82,93,34,1.43,scattered clouds
676,Popondetta,PG,-8.7537,148.2534,82.2,74,68,0.92,broken clouds
677,Tommot,RU,58.9564,126.2925,-20.61,97,98,2.68,overcast clouds
678,La Mira,MX,18.035,-102.3266,84.87,51,20,9.86,few clouds
679,Jawhar,SO,2.7809,45.5005,73.53,81,78,14.29,broken clouds
680,Atar,MR,20.5169,-13.0499,72.7,14,96,8.81,overcast clouds
681,Catia La Mar,VE,10.6038,-67.0303,76.39,86,45,6.13,scattered clouds
682,Hun,LY,29.1268,15.9477,50.0,56,6,8.01,clear sky
683,Meulaboh,ID,4.1363,96.1285,75.29,92,98,4.12,overcast clouds
684,Kizema,RU,61.113,44.8302,-3.93,96,6,7.31,clear sky
685,Nantucket,US,41.2835,-70.0995,44.71,69,100,24.16,overcast clouds
686,Milyutinskaya,RU,48.6279,41.6679,12.94,93,100,9.42,light snow
687,George Town,MY,5.4112,100.3354,78.73,66,20,7.0,few clouds
688,Namatanai,PG,-3.6667,152.4333,82.71,77,90,6.11,light rain
689,Lugoba,TZ,-6.45,38.3333,72.01,97,94,2.73,overcast clouds
690,College,US,64.8569,-147.8028,14.9,85,75,0.0,broken clouds
691,Batagay-Alyta,RU,67.8006,130.4114,-16.1,99,100,1.9,overcast clouds
692,Elko,US,41.0002,-115.5012,39.22,81,80,3.6,broken clouds
693,Hammerfest,NO,70.6634,23.6821,36.05,80,75,19.57,light snow
694,Puerto Madero,MX,14.7208,-92.4215,88.0,51,20,12.66,few clouds
695,Bemidji,US,47.4736,-94.8803,28.69,71,100,0.0,overcast clouds
696,Saquarema,BR,-22.92,-42.5103,80.64,91,100,1.72,overcast clouds
697,Vila Velha,BR,-20.3297,-40.2925,80.55,80,0,8.01,clear sky
698,Xinzhi,CN,36.4989,111.7047,26.22,30,0,3.09,clear sky
699,Jedrzejow,PL,50.6394,20.3045,30.36,63,68,4.0,broken clouds
700,Asmara,ER,15.3333,38.9333,55.13,84,62,3.42,broken clouds
701,Bilma,NE,18.6853,12.9164,63.72,7,9,6.42,clear sky
702,Aitape,PG,-3.1374,142.3475,79.59,87,100,4.05,overcast clouds
703,Znojmo,CZ,48.8555,16.0488,30.54,66,86,6.26,overcast clouds
704,Ranghulu,CN,46.65,124.8667,-16.96,96,18,5.91,few clouds
705,Lata,PT,40.1629,-8.3327,49.06,78,2,4.38,clear sky
706,Ambovombe,MG,-25.1667,46.0833,76.14,91,100,9.66,overcast clouds
707,Bauchi,NG,10.5,10.0,69.91,26,25,3.6,scattered clouds
708,Loikaw,MM,19.6742,97.2094,57.02,66,15,3.6,few clouds
709,Kathmandu,NP,27.7167,85.3167,46.62,93,100,8.05,overcast clouds
710,Ilheus,BR,-14.7889,-39.0494,82.22,74,0,9.22,clear sky
711,Mangrol,IN,21.1167,70.1167,59.22,53,0,12.5,clear sky
712,Belmonte,BR,-15.8631,-38.8828,81.1,79,9,6.91,clear sky
713,Qala,AZ,40.4418,50.1681,48.09,93,100,13.8,overcast clouds
714,Batemans Bay,AU,-35.7167,150.1833,68.99,90,98,5.35,light rain
715,Itacurubi Del Rosario,PY,-24.5,-56.6833,93.94,26,31,5.06,scattered clouds
716,Tamworth,GB,52.634,-1.6959,42.62,90,5,4.83,clear sky
717,Ngunguru,NZ,-35.6167,174.5,75.16,60,24,11.7,few clouds
718,Shunyi,CN,40.125,116.6453,24.75,39,0,8.95,clear sky
719,Sibolga,ID,1.7427,98.7792,75.69,90,100,1.3,overcast clouds
720,Tautira,PF,-17.7333,-149.15,77.02,83,100,19.62,light rain
721,Caceres,ES,39.522,-6.3748,46.8,75,0,5.28,clear sky
722,Kulpahar,IN,25.3167,79.65,50.77,79,16,4.54,few clouds
723,Kang,BW,-23.6752,22.7876,71.62,74,67,9.8,broken clouds
724,Poum,NC,-20.2333,164.0167,81.25,76,2,11.92,clear sky
725,Ulladulla,AU,-35.35,150.4667,69.76,87,86,7.05,light rain
726,Bernalillo,US,35.05,-106.6673,61.65,23,40,11.5,scattered clouds
727,Bjornevatn,NO,69.6672,29.9847,33.42,93,100,31.07,overcast clouds
728,Arrecife,ES,28.963,-13.5477,64.47,77,20,5.75,few clouds
729,Alenquer,BR,-1.9417,-54.7383,80.94,79,80,4.21,broken clouds
730,Arvika,SE,59.6553,12.5852,41.7,84,100,12.12,overcast clouds
731,Kabinda,CD,-6.1333,24.4833,67.21,94,100,2.17,overcast clouds
732,Ishigaki,JP,24.3448,124.1572,59.13,88,75,3.44,broken clouds
733,Esso,RU,55.9333,158.7,-2.9,99,79,4.05,broken clouds
